date,visitors
2023-01-01,8165
2023-01-02,4132
2023-01-03,5075
2023-01-04,5038
2023-01-05,4757
2023-01-06,6391
2023-01-07,7608
2023-01-08,8173
2023-01-09,5061
2023-01-10,4715
2023-01-11,5405
2023-01-12,5262
2023-01-13,6143
2023-01-14,7552
2023-01-15,8646
2023-01-16,4861
2023-01-17,5358
2023-01-18,4990
2023-01-19,5342
2023-01-20,6061
2023-01-21,7984
2023-01-22,7979
2023-01-23,4987
2023-01-24,5466
2023-01-25,4797
2023-01-26,4824
2023-01-27,5823
2023-01-28,7551
2023-01-29,8862
2023-01-30,4683
2023-01-31,4901
2023-02-01,4885
2023-02-02,5206
2023-02-03,5924
2023-02-04,8194
2023-02-05,8418
2023-02-06,5290
2023-02-07,5703
2023-02-08,5644
2023-02-09,5549
2023-02-10,6123
2023-02-11,7690
2023-02-12,8696
2023-02-13,4563
2023-02-14,5906
2023-02-15,5343
2023-02-16,5713
2023-02-17,6232
2023-02-18,7841
2023-02-19,8860
2023-02-20,4780
2023-02-21,5846
2023-02-22,5470
2023-02-23,6002
2023-02-24,6261
2023-02-25,8399
2023-02-26,8986
2023-02-27,5029
2023-02-28,5334
2023-03-01,5802
2023-03-02,6030
2023-03-03,6819
2023-03-04,8640
2023-03-05,9154
2023-03-06,5335
2023-03-07,6146
2023-03-08,6113
2023-03-09,5371
2023-03-10,6342
2023-03-11,8142
2023-03-12,9168
2023-03-13,5551
2023-03-14,5282
2023-03-15,5907
2023-03-16,6171
2023-03-17,6509
2023-03-18,8922
2023-03-19,9118
2023-03-20,4800
2023-03-21,5653
2023-03-22,5739
2023-03-23,5413
2023-03-24,7288
2023-03-25,8927
2023-03-26,9723
2023-03-27,5605
2023-03-28,5638
2023-03-29,5592
2023-03-30,6229
2023-03-31,6954
2023-04-01,9086
2023-04-02,9135
2023-04-03,5021
2023-04-04,5681
2023-04-05,6398
2023-04-06,5850
2023-04-07,7054
2023-04-08,8705
2023-04-09,10027
2023-04-10,5257
2023-04-11,6166
2023-04-12,5578
2023-04-13,6436
2023-04-14,6784
2023-04-15,9066
2023-04-16,9768
2023-04-17,5585
2023-04-18,5856
2023-04-19,5717
2023-04-20,6111
2023-04-21,7258
2023-04-22,8734
2023-04-23,9937
2023-04-24,5827
2023-04-25,6210
2023-04-26,5677
2023-04-27,6293
2023-04-28,7002
2023-04-29,9182
2023-04-30,10100
2023-05-01,5500
2023-05-02,5907
2023-05-03,6583
2023-05-04,5925
2023-05-05,7138
2023-05-06,9557
2023-05-07,10404
2023-05-08,6130
2023-05-09,6769
2023-05-10,5964
2023-05-11,5863
2023-05-12,7235
2023-05-13,9116
2023-05-14,9701
2023-05-15,5348
2023-05-16,6575
2023-05-17,6736
2023-05-18,6765
2023-05-19,8041
2023-05-20,9823
2023-05-21,10204
2023-05-22,6150
2023-05-23,6208
2023-05-24,6357
2023-05-25,6559
2023-05-26,8194
2023-05-27,9514
2023-05-28,10202
2023-05-29,5522
2023-05-30,6708
2023-05-31,6829
2023-06-01,6697
2023-06-02,7880
2023-06-03,9775
2023-06-04,10315
2023-06-05,6375
2023-06-06,6795
2023-06-07,6271
2023-06-08,6199
2023-06-09,7523
2023-06-10,9646
2023-06-11,10761
2023-06-12,5844
2023-06-13,6532
2023-06-14,6473
2023-06-15,6426
2023-06-16,8352
2023-06-17,9836
2023-06-18,10212
2023-06-19,5919
2023-06-20,7087
2023-06-21,7040
2023-06-22,6690
2023-06-23,7752
2023-06-24,9933
2023-06-25,10720
2023-06-26,6090
2023-06-27,6802
2023-06-28,6965
2023-06-29,6922
2023-06-30,7920
2023-07-01,10555
2023-07-02,11358
2023-07-03,5705
2023-07-04,6464
2023-07-05,6529
2023-07-06,6753
2023-07-07,8424
2023-07-08,9873
2023-07-09,11052
2023-07-10,6157
2023-07-11,7217
2023-07-12,6656
2023-07-13,7123
2023-07-14,8747
2023-07-15,10480
2023-07-16,11149
2023-07-17,6724
2023-07-18,6884
2023-07-19,7206
2023-07-20,6999
2023-07-21,8308
2023-07-22,10310
2023-07-23,11182
2023-07-24,6466
2023-07-25,7280
2023-07-26,6824
2023-07-27,6757
2023-07-28,8406
2023-07-29,10153
2023-07-30,11323
2023-07-31,6475
2023-08-01,6784
2023-08-02,7528
2023-08-03,6844
2023-08-04,8695
2023-08-05,10567
2023-08-06,11104
2023-08-07,6397
2023-08-08,7639
2023-08-09,7383
2023-08-10,7375
2023-08-11,8451
2023-08-12,10409
2023-08-13,11564
2023-08-14,6078
2023-08-15,7243
2023-08-16,6782
2023-08-17,7369
2023-08-18,8847
2023-08-19,10925
2023-08-20,12153
2023-08-21,6795
2023-08-22,7042
2023-08-23,7127
2023-08-24,7680
2023-08-25,8678
2023-08-26,11260
2023-08-27,11743
2023-08-28,7130
2023-08-29,7165
2023-08-30,7580
2023-08-31,7632
2023-09-01,8813
2023-09-02,11526
2023-09-03,11781
2023-09-04,6839
2023-09-05,7201
2023-09-06,7681
2023-09-07,7358
2023-09-08,8666
2023-09-09,11263
2023-09-10,12155
2023-09-11,6750
2023-09-12,7229
2023-09-13,7377
2023-09-14,7420
2023-09-15,9262
2023-09-16,11121
2023-09-17,11810
2023-09-18,6384
2023-09-19,7388
2023-09-20,7797
2023-09-21,7258
2023-09-22,9481
2023-09-23,11020
2023-09-24,12685
2023-09-25,6927
2023-09-26,7486
2023-09-27,7719
2023-09-28,8195
2023-09-29,9219
2023-09-30,11766
2023-10-01,12356
2023-10-02,6474
2023-10-03,7550
2023-10-04,8178
2023-10-05,7986
2023-10-06,8852
2023-10-07,11628
2023-10-08,12644
2023-10-09,7272
2023-10-10,7746
2023-10-11,8116
2023-10-12,7997
2023-10-13,9478
2023-10-14,11651
2023-10-15,12338
2023-10-16,6593
2023-10-17,7593
2023-10-18,7925
2023-10-19,8156
2023-10-20,9223
2023-10-21,12242
2023-10-22,12221
2023-10-23,7103
2023-10-24,7945
2023-10-25,8422
2023-10-26,7862
2023-10-27,9093
2023-10-28,11580
2023-10-29,12435
2023-10-30,6787
2023-10-31,7655
2023-11-01,8376
2023-11-02,8123
2023-11-03,9664
2023-11-04,12130
2023-11-05,12728
2023-11-06,7622
2023-11-07,7745
2023-11-08,8216
2023-11-09,8013
2023-11-10,9369
2023-11-11,11799
2023-11-12,12687
2023-11-13,7674
2023-11-14,8511
2023-11-15,8637
2023-11-16,7713
2023-11-17,10235
2023-11-18,12759
2023-11-19,12895
2023-11-20,7543
2023-11-21,8123
2023-11-22,8005
2023-11-23,7764
2023-11-24,9493
2023-11-25,12784
2023-11-26,13075
2023-11-27,7605
2023-11-28,8720
2023-11-29,8328
2023-11-30,7963
2023-12-01,10030
2023-12-02,12944
2023-12-03,13673
2023-12-04,7368
2023-12-05,8384
2023-12-06,8085
2023-12-07,8665
2023-12-08,9727
2023-12-09,12305
2023-12-10,13693
2023-12-11,7181
2023-12-12,8406
2023-12-13,8753
2023-12-14,8944
2023-12-15,9700
2023-12-16,12791
2023-12-17,13989
2023-12-18,7188
2023-12-19,8317
2023-12-20,8387
2023-12-21,8578
2023-12-22,9905
2023-12-23,12835
2023-12-24,14183
2023-12-25,7920
2023-12-26,8448
2023-12-27,8728
2023-12-28,8407
2023-12-29,10708
2023-12-30,13330
2023-12-31,14244
